time,open,high,low,close,volume
2026-07-20 21:52:00,4006.93,4007.25,4006.7,4006.86,82
2026-07-20 21:53:00,4006.88,4007.24,4006.86,4007.19,71
2026-07-20 21:54:00,4007.2,4007.7,4007.02,4007.35,83
2026-07-20 21:55:00,4007.38,4007.41,4006.25,4006.34,79
2026-07-20 21:56:00,4006.32,4006.61,4005.72,4006.32,61
2026-07-20 21:57:00,4006.39,4007.56,4006.27,4006.73,75
2026-07-20 21:58:00,4006.72,4006.87,4006.0,4006.58,66
2026-07-20 21:59:00,4006.6,4007.27,4006.6,4007.19,78
2026-07-20 22:00:00,4007.16,4007.39,4006.52,4007.39,80
2026-07-20 22:01:00,4007.4,4007.88,4006.88,4007.19,78
2026-07-20 22:02:00,4007.08,4007.23,4006.44,4006.44,74
2026-07-20 22:03:00,4006.45,4006.45,4005.63,4005.7,77
2026-07-20 22:04:00,4005.63,4005.76,4004.79,4005.57,77
2026-07-20 22:05:00,4005.59,4005.62,4004.75,4004.82,71
2026-07-20 22:06:00,4004.79,4005.28,4004.52,4005.26,73
2026-07-20 22:07:00,4005.4,4005.84,4005.17,4005.4,64
2026-07-20 22:08:00,4005.38,4005.8,4005.12,4005.6,80
2026-07-20 22:09:00,4005.58,4006.7,4005.58,4006.28,73
2026-07-20 22:10:00,4006.34,4007.22,4006.28,4007.03,83
2026-07-20 22:11:00,4007.04,4007.04,4005.27,4005.54,85
2026-07-20 22:12:00,4005.53,4005.68,4005.17,4005.24,81
2026-07-20 22:13:00,4005.23,4005.23,4004.2,4004.24,75
2026-07-20 22:14:00,4004.25,4004.88,4004.22,4004.47,76
2026-07-20 22:15:00,4004.43,4006.57,4004.14,4006.23,95
2026-07-20 22:16:00,4006.22,4006.82,4006.22,4006.5,76
2026-07-20 22:17:00,4006.54,4006.99,4005.63,4005.81,83
2026-07-20 22:18:00,4005.8,4007.21,4005.74,4007.16,75
2026-07-20 22:19:00,4007.15,4008.15,4007.01,4008.06,79
2026-07-20 22:20:00,4008.1,4009.45,4008.1,4009.33,78
2026-07-20 22:21:00,4009.34,4009.97,4009.34,4009.37,73
2026-07-20 22:22:00,4009.41,4010.02,4009.41,4009.71,76
2026-07-20 22:23:00,4009.71,4009.71,4008.03,4008.39,82
2026-07-20 22:24:00,4008.43,4008.58,4007.73,4007.73,62
2026-07-20 22:25:00,4007.74,4007.74,4006.83,4007.58,62
2026-07-20 22:26:00,4007.59,4007.59,4007.08,4007.18,71
2026-07-20 22:27:00,4007.19,4007.26,4006.88,4007.25,67
2026-07-20 22:28:00,4007.24,4007.43,4006.92,4006.94,66
2026-07-20 22:29:00,4006.94,4012.6,4006.64,4012.6,104
2026-07-20 22:30:00,4012.65,4017.62,4011.94,4012.1,118
2026-07-20 22:31:00,4012.05,4014.73,4011.79,4014.43,101
2026-07-20 22:32:00,4014.56,4014.93,4013.48,4014.48,93
2026-07-20 22:33:00,4014.51,4014.96,4013.73,4014.4,84
2026-07-20 22:34:00,4014.38,4015.67,4013.57,4013.62,81
2026-07-20 22:35:00,4013.59,4013.91,4012.65,4012.82,96
2026-07-20 22:36:00,4012.81,4012.81,4010.71,4010.83,90
2026-07-20 22:37:00,4010.72,4010.95,4009.64,4010.42,87
2026-07-20 22:38:00,4010.59,4011.72,4010.12,4011.23,85
2026-07-20 22:39:00,4011.21,4011.28,4010.7,4010.76,76
2026-07-20 22:40:00,4010.77,4010.77,4009.73,4009.93,91
2026-07-20 22:41:00,4009.91,4010.38,4009.62,4009.92,76
2026-07-20 22:42:00,4009.94,4010.76,4009.41,4009.59,73
2026-07-20 22:43:00,4009.53,4010.04,4007.83,4007.83,73
2026-07-20 22:44:00,4007.95,4008.18,4005.15,4005.61,80
2026-07-20 22:45:00,4005.53,4006.59,4005.22,4005.68,94
2026-07-20 22:46:00,4005.7,4008.58,4005.7,4008.53,80
2026-07-20 22:47:00,4008.52,4008.68,4008.37,4008.68,62
2026-07-20 22:48:00,4008.65,4009.6,4007.82,4007.92,63
2026-07-20 22:49:00,4007.93,4008.93,4007.53,4008.72,77
2026-07-20 22:50:00,4008.6,4009.72,4007.98,4009.3,89
2026-07-20 22:51:00,4009.3,4009.47,4008.54,4009.39,82
2026-07-20 22:52:00,4009.4,4009.46,4008.61,4008.75,62
2026-07-20 22:53:00,4008.75,4009.64,4008.36,4009.14,64
2026-07-20 22:54:00,4009.01,4009.6,4008.83,4009.47,79
2026-07-20 22:55:00,4009.04,4009.04,4006.57,4006.81,89
2026-07-20 22:56:00,4006.69,4007.95,4006.69,4007.82,75
2026-07-20 22:57:00,4007.84,4007.84,4006.62,4006.62,88
2026-07-20 22:58:00,4006.59,4007.16,4006.2,4007.02,73
2026-07-20 22:59:00,4006.8,4007.24,4005.72,4006.71,95
2026-07-20 23:00:00,4006.95,4008.3,4006.44,4008.19,88
2026-07-20 23:01:00,4008.28,4008.36,4007.04,4008.16,71
2026-07-20 23:02:00,4008.21,4008.91,4007.76,4007.79,64
2026-07-20 23:03:00,4007.78,4008.35,4007.71,4008.06,53
2026-07-20 23:04:00,4008.07,4008.39,4008.07,4008.17,45
2026-07-20 23:05:00,4008.19,4009.07,4007.61,4007.61,52
2026-07-20 23:06:00,4007.5,4007.85,4006.83,4006.83,57
2026-07-20 23:07:00,4006.79,4006.82,4005.81,4005.85,52
2026-07-20 23:08:00,4006.13,4006.34,4005.57,4006.23,60
2026-07-20 23:09:00,4006.14,4006.47,4005.75,4006.47,49
2026-07-20 23:10:00,4006.08,4006.47,4006.01,4006.46,42
2026-07-20 23:11:00,4006.4,4006.49,4006.23,4006.33,47
2026-07-20 23:12:00,4006.38,4006.54,4006.19,4006.32,48
2026-07-20 23:13:00,4006.3,4007.29,4006.2,4006.95,57
2026-07-20 23:14:00,4006.93,4008.06,4006.7,4007.52,48
2026-07-20 23:15:00,4007.51,4007.69,4007.06,4007.11,54
2026-07-20 23:16:00,4007.09,4007.74,4006.95,4007.73,33
2026-07-20 23:17:00,4007.76,4007.79,4007.38,4007.46,33
2026-07-20 23:18:00,4007.48,4008.13,4007.02,4007.09,40
2026-07-20 23:19:00,4007.1,4007.1,4006.97,4007.08,25
2026-07-20 23:20:00,4007.09,4007.9,4007.09,4007.82,32
2026-07-20 23:21:00,4007.89,4008.66,4007.77,4008.65,43
2026-07-20 23:22:00,4008.66,4008.73,4007.87,4007.95,43
2026-07-20 23:23:00,4007.98,4008.56,4007.98,4008.48,30
2026-07-20 23:24:00,4008.46,4008.67,4008.18,4008.34,37
2026-07-20 23:25:00,4008.1,4008.29,4008.0,4008.29,32
2026-07-20 23:26:00,4008.24,4008.91,4007.87,4008.32,40
2026-07-20 23:27:00,4008.35,4008.44,4007.96,4008.44,21
2026-07-20 23:28:00,4008.56,4008.91,4008.35,4008.46,38
2026-07-20 23:29:00,4008.47,4008.6,4007.93,4008.03,44
2026-07-20 23:30:00,4008.02,4008.72,4008.02,4008.71,37
2026-07-20 23:31:00,4008.71,4008.78,4007.27,4007.42,37
2026-07-20 23:32:00,4007.46,4008.77,4007.46,4008.67,42
2026-07-20 23:33:00,4008.68,4008.78,4008.25,4008.69,35
2026-07-20 23:34:00,4008.76,4009.04,4008.57,4008.96,33
2026-07-20 23:35:00,4008.92,4009.15,4008.81,4008.85,32
2026-07-20 23:36:00,4008.87,4009.12,4008.38,4008.39,32
2026-07-20 23:37:00,4008.38,4008.59,4007.91,4008.42,38
2026-07-20 23:38:00,4008.45,4008.72,4008.44,4008.46,33
2026-07-20 23:39:00,4008.48,4008.93,4008.48,4008.53,27
2026-07-20 23:40:00,4008.46,4008.99,4008.46,4008.99,28
2026-07-20 23:41:00,4008.98,4009.18,4008.79,4008.79,28
2026-07-20 23:42:00,4008.74,4008.79,4008.56,4008.74,16
2026-07-20 23:43:00,4008.74,4008.74,4008.17,4008.17,17
2026-07-20 23:44:00,4008.12,4008.76,4008.12,4008.56,26
2026-07-20 23:45:00,4008.5,4008.5,4007.98,4008.31,33
2026-07-20 23:46:00,4008.3,4008.33,4007.75,4007.76,24
2026-07-20 23:47:00,4007.81,4007.86,4007.56,4007.56,21
2026-07-20 23:48:00,4007.77,4008.14,4007.72,4007.88,19
2026-07-20 23:49:00,4007.73,4007.77,4007.67,4007.72,25
2026-07-20 23:50:00,4007.77,4007.77,4007.4,4007.48,25
2026-07-20 23:51:00,4007.47,4007.78,4007.29,4007.37,26
2026-07-20 23:52:00,4007.36,4007.45,4007.15,4007.19,25
2026-07-20 23:53:00,4007.2,4008.46,4007.16,4008.21,32
2026-07-20 23:54:00,4008.27,4008.35,4007.9,4008.09,21
2026-07-20 23:55:00,4007.97,4008.16,4007.67,4007.7,35
2026-07-20 23:56:00,4007.85,4007.88,4007.67,4007.85,14
2026-07-20 23:57:00,4007.84,4008.39,4007.23,4008.39,51
2026-07-20 23:58:00,4008.44,4008.67,4006.92,4007.36,47
2026-07-21 01:01:00,4009.23,4009.4,4008.74,4009.34,41
2026-07-21 01:02:00,4009.4,4009.61,4008.93,4008.99,43
2026-07-21 01:03:00,4008.97,4009.5,4008.88,4009.33,46
2026-07-21 01:04:00,4009.28,4009.45,4007.91,4007.91,37
2026-07-21 01:05:00,4007.96,4007.96,4006.56,4007.12,50
2026-07-21 01:06:00,4006.93,4007.07,4006.2,4006.44,34
2026-07-21 01:07:00,4006.43,4007.31,4006.35,4007.0,46
2026-07-21 01:08:00,4007.01,4007.1,4006.48,4006.78,23
2026-07-21 01:09:00,4006.93,4007.49,4005.79,4006.07,42
2026-07-21 01:10:00,4006.12,4007.47,4006.07,4006.93,46
2026-07-21 01:11:00,4006.92,4007.21,4006.5,4006.5,45
2026-07-21 01:12:00,4006.48,4006.51,4005.92,4006.14,29
2026-07-21 01:13:00,4006.15,4006.56,4005.97,4006.56,43
2026-07-21 01:14:00,4006.47,4006.84,4006.14,4006.8,46
2026-07-21 01:15:00,4006.77,4006.83,4005.9,4005.98,50
2026-07-21 01:16:00,4005.96,4006.79,4005.96,4006.78,36
2026-07-21 01:17:00,4006.6,4006.81,4006.32,4006.41,43
2026-07-21 01:18:00,4006.37,4007.11,4006.37,4006.89,41
2026-07-21 01:19:00,4006.9,4006.91,4006.5,4006.89,36
2026-07-21 01:20:00,4006.87,4006.92,4004.95,4005.1,56
2026-07-21 01:21:00,4005.1,4006.36,4004.84,4005.29,66
2026-07-21 01:22:00,4005.2,4005.92,4005.02,4005.46,59
2026-07-21 01:23:00,4005.46,4007.43,4005.29,4007.2,62
2026-07-21 01:24:00,4006.8,4007.97,4006.38,4007.61,73
2026-07-21 01:25:00,4007.77,4009.72,4007.77,4008.74,64
2026-07-21 01:26:00,4008.71,4010.15,4008.12,4009.17,65
2026-07-21 01:27:00,4009.21,4009.21,4007.55,4008.63,55
2026-07-21 01:28:00,4008.66,4009.77,4008.55,4009.24,32
2026-07-21 01:29:00,4009.27,4010.44,4008.95,4009.57,40
2026-07-21 01:30:00,4009.55,4009.57,4008.22,4009.16,33
2026-07-21 01:31:00,4009.15,4009.16,4008.41,4008.43,17
2026-07-21 01:32:00,4008.42,4008.87,4007.71,4008.74,57
2026-07-21 01:33:00,4008.58,4008.81,4007.87,4007.96,54
2026-07-21 01:34:00,4007.95,4008.02,4006.7,4008.02,73
2026-07-21 01:35:00,4008.0,4008.0,4006.36,4007.19,79
2026-07-21 01:36:00,4007.33,4007.72,4005.53,4007.21,70
2026-07-21 01:37:00,4007.32,4008.11,4007.32,4007.9,52
2026-07-21 01:38:00,4007.89,4008.16,4005.97,4006.15,82
2026-07-21 01:39:00,4006.34,4008.4,4006.27,4007.75,60
2026-07-21 01:40:00,4007.74,4007.87,4006.11,4006.39,57
2026-07-21 01:41:00,4006.41,4006.48,4003.94,4004.13,89
2026-07-21 01:42:00,4004.14,4004.46,4002.78,4004.21,48
2026-07-21 01:43:00,4004.27,4004.67,4003.15,4004.22,56
2026-07-21 01:44:00,4004.64,4004.82,4003.88,4004.0,60
2026-07-21 01:45:00,4003.96,4007.9,4003.31,4004.5,88
2026-07-21 01:46:00,4004.51,4004.93,4002.65,4002.92,65
2026-07-21 01:47:00,4002.94,4003.87,4002.45,4002.5,60
2026-07-21 01:48:00,4002.62,4003.11,4002.19,4002.36,38
2026-07-21 01:49:00,4002.38,4003.31,4001.78,4001.78,47
2026-07-21 01:50:00,4001.69,4001.69,4000.24,4000.73,72
2026-07-21 01:51:00,4000.74,4001.38,4000.5,4000.5,59
2026-07-21 01:52:00,4000.52,4002.12,4000.52,4001.9,77
2026-07-21 01:53:00,4001.73,4002.58,4001.48,4002.08,70
2026-07-21 01:54:00,4002.14,4002.79,3999.77,4000.43,76
2026-07-21 01:55:00,4000.67,4001.12,3999.57,4000.8,77
2026-07-21 01:56:00,4000.84,4001.08,4000.08,4000.41,76
2026-07-21 01:57:00,4000.34,4000.76,3999.72,4000.43,65
2026-07-21 01:58:00,4000.27,4001.84,4000.27,4001.84,76
2026-07-21 01:59:00,4001.88,4002.38,4000.19,4000.19,71
2026-07-21 02:00:00,4000.21,4001.46,3999.97,4000.46,77
2026-07-21 02:01:00,4000.63,4001.8,4000.52,4001.79,58
2026-07-21 02:02:00,4002.21,4004.15,4002.21,4003.54,93
2026-07-21 02:03:00,4003.56,4004.54,4003.52,4003.98,63
2026-07-21 02:04:00,4004.09,4005.0,4003.81,4004.07,59
2026-07-21 02:05:00,4004.09,4005.96,4004.03,4005.96,63
2026-07-21 02:06:00,4005.94,4007.68,4005.65,4007.62,81
2026-07-21 02:07:00,4007.55,4008.85,4007.5,4008.76,78
2026-07-21 02:08:00,4008.79,4009.56,4007.8,4008.79,69
2026-07-21 02:09:00,4008.83,4009.09,4008.66,4008.68,48
2026-07-21 02:10:00,4008.67,4008.67,4000.86,4001.2,92
2026-07-21 02:11:00,4001.15,4002.33,4000.44,4000.93,83
2026-07-21 02:12:00,4000.94,4004.56,4000.94,4004.18,74
2026-07-21 02:13:00,4004.23,4004.23,4001.97,4002.83,72
2026-07-21 02:14:00,4002.71,4003.08,4001.78,4002.94,46
2026-07-21 02:15:00,4002.86,4005.63,4002.86,4004.96,64
2026-07-21 02:16:00,4005.03,4005.18,4004.57,4004.57,51
2026-07-21 02:17:00,4004.59,4005.24,4004.58,4005.04,46
2026-07-21 02:18:00,4005.05,4006.54,4004.73,4006.35,47
2026-07-21 02:19:00,4006.5,4007.06,4006.17,4006.23,66
2026-07-21 02:20:00,4006.18,4006.18,4005.69,4005.99,52
2026-07-21 02:21:00,4006.01,4006.35,4005.76,4005.97,45
2026-07-21 02:22:00,4005.95,4006.54,4005.09,4005.47,63
2026-07-21 02:23:00,4005.51,4005.85,4004.7,4004.93,58
2026-07-21 02:24:00,4005.13,4005.31,4003.94,4004.73,69
2026-07-21 02:25:00,4004.67,4004.67,4003.47,4003.55,61
2026-07-21 02:26:00,4003.73,4004.97,4003.43,4004.62,60
2026-07-21 02:27:00,4004.64,4004.64,4003.31,4003.4,67
2026-07-21 02:28:00,4003.43,4004.48,4003.43,4003.76,53
2026-07-21 02:29:00,4003.73,4004.38,4003.3,4003.45,43
2026-07-21 02:30:00,4003.29,4004.55,4003.27,4004.24,39
2026-07-21 02:31:00,4004.22,4004.65,4003.75,4003.75,47
2026-07-21 02:32:00,4003.81,4005.66,4003.61,4005.61,54
2026-07-21 02:33:00,4005.62,4007.3,4004.95,4006.97,52
2026-07-21 02:34:00,4007.42,4007.53,4005.77,4005.91,59
2026-07-21 02:35:00,4005.89,4007.22,4005.86,4007.02,42
2026-07-21 02:36:00,4007.03,4007.45,4007.03,4007.42,21
2026-07-21 02:37:00,4007.43,4007.45,4006.59,4006.65,32
2026-07-21 02:38:00,4006.59,4006.59,4005.7,4005.9,43
2026-07-21 02:39:00,4005.92,4005.92,4004.51,4004.85,55
2026-07-21 02:40:00,4004.87,4005.91,4003.71,4004.47,64
2026-07-21 02:41:00,4004.46,4006.57,4004.24,4006.57,56
2026-07-21 02:42:00,4006.59,4007.58,4006.31,4006.73,64
2026-07-21 02:43:00,4006.6,4007.29,4006.4,4007.29,63
2026-07-21 02:44:00,4007.56,4008.31,4006.77,4007.37,75
2026-07-21 02:45:00,4007.4,4007.4,4004.05,4005.72,67
2026-07-21 02:46:00,4005.74,4006.75,4005.48,4005.49,62
2026-07-21 02:47:00,4005.48,4007.72,4004.99,4007.31,67
2026-07-21 02:48:00,4007.34,4007.4,4006.59,4006.59,55
2026-07-21 02:49:00,4006.58,4006.82,4006.24,4006.75,58
2026-07-21 02:50:00,4006.76,4007.08,4006.26,4006.28,54
2026-07-21 02:51:00,4006.26,4006.49,4005.71,4005.82,63
2026-07-21 02:52:00,4005.85,4007.89,4005.85,4007.53,63
2026-07-21 02:53:00,4007.51,4007.67,4006.8,4006.8,54
2026-07-21 02:54:00,4006.78,4007.71,4006.7,4007.61,62
2026-07-21 02:55:00,4007.63,4008.33,4007.09,4007.33,69
2026-07-21 02:56:00,4007.31,4008.11,4007.16,4008.11,62
2026-07-21 02:57:00,4008.1,4008.86,4008.1,4008.5,75
2026-07-21 02:58:00,4008.46,4008.86,4008.3,4008.45,65
2026-07-21 02:59:00,4008.43,4010.19,4007.87,4009.62,76
2026-07-21 03:00:00,4009.71,4009.71,4003.86,4005.16,113
2026-07-21 03:01:00,4005.53,4006.31,4004.37,4006.04,97
2026-07-21 03:02:00,4006.0,4006.32,4003.62,4003.94,93
2026-07-21 03:03:00,4003.94,4005.85,4003.94,4004.66,102
2026-07-21 03:04:00,4004.69,4005.23,4004.02,4004.89,88
2026-07-21 03:05:00,4004.88,4008.25,4004.88,4007.04,106
2026-07-21 03:06:00,4007.07,4007.6,4005.78,4006.46,91
2026-07-21 03:07:00,4006.47,4007.23,4004.44,4005.49,89
2026-07-21 03:08:00,4005.65,4005.91,4004.59,4005.91,101
2026-07-21 03:09:00,4005.83,4007.69,4005.73,4007.62,96
2026-07-21 03:10:00,4007.43,4007.95,4006.85,4007.24,100
2026-07-21 03:11:00,4007.22,4009.5,4006.68,4007.92,100
2026-07-21 03:12:00,4007.86,4010.19,4007.6,4010.06,93
2026-07-21 03:13:00,4010.04,4012.36,4008.49,4011.71,105
2026-07-21 03:14:00,4011.74,4011.89,4010.32,4010.41,98
2026-07-21 03:15:00,4010.45,4010.8,4009.13,4009.93,99
2026-07-21 03:16:00,4009.81,4009.98,4007.71,4009.58,86
2026-07-21 03:17:00,4009.44,4011.7,4009.19,4011.63,98
2026-07-21 03:18:00,4011.77,4012.55,4010.44,4011.34,99
2026-07-21 03:19:00,4011.33,4016.01,4011.18,4015.36,109
2026-07-21 03:20:00,4015.44,4016.36,4013.8,4013.8,90
2026-07-21 03:21:00,4013.75,4015.28,4013.02,4014.49,89
2026-07-21 03:22:00,4014.44,4014.87,4013.31,4013.51,76
2026-07-21 03:23:00,4013.48,4015.1,4012.78,4014.89,95
2026-07-21 03:24:00,4014.98,4017.4,4014.83,4017.03,98
2026-07-21 03:25:00,4017.06,4018.18,4016.09,4016.91,90
2026-07-21 03:26:00,4016.89,4017.64,4015.19,4015.93,85
2026-07-21 03:27:00,4015.99,4017.42,4015.67,4017.22,84
2026-07-21 03:28:00,4017.21,4017.25,4015.79,4015.86,80
2026-07-21 03:29:00,4015.85,4015.91,4014.3,4014.88,74
2026-07-21 03:30:00,4014.77,4015.14,4014.19,4014.51,78
2026-07-21 03:31:00,4014.55,4016.05,4014.09,4014.49,81
2026-07-21 03:32:00,4014.51,4015.44,4014.51,4015.41,69
2026-07-21 03:33:00,4015.27,4016.72,4015.01,4015.45,82
2026-07-21 03:34:00,4015.56,4017.66,4015.54,4017.12,77
2026-07-21 03:35:00,4017.06,4018.37,4016.4,4018.15,86
2026-07-21 03:36:00,4018.14,4021.9,4017.87,4019.25,107
2026-07-21 03:37:00,4019.28,4019.38,4018.21,4018.33,82
2026-07-21 03:38:00,4018.58,4018.74,4017.6,4018.66,86
2026-07-21 03:39:00,4018.68,4019.61,4018.42,4018.86,79
2026-07-21 03:40:00,4018.84,4018.94,4018.14,4018.83,84
2026-07-21 03:41:00,4018.77,4021.93,4018.15,4021.66,80
2026-07-21 03:42:00,4022.29,4023.64,4021.68,4022.71,92
2026-07-21 03:43:00,4022.68,4022.98,4021.03,4021.17,77
2026-07-21 03:44:00,4021.1,4022.31,4021.1,4022.28,72
2026-07-21 03:45:00,4022.3,4023.61,4022.23,4023.25,90
2026-07-21 03:46:00,4023.24,4023.24,4021.8,4022.55,86
2026-07-21 03:47:00,4022.77,4024.3,4022.77,4023.49,82
2026-07-21 03:48:00,4023.46,4024.12,4022.17,4024.12,83
2026-07-21 03:49:00,4024.17,4024.77,4023.96,4024.45,64
2026-07-21 03:50:00,4024.43,4024.66,4023.57,4024.27,91
2026-07-21 03:51:00,4024.26,4025.4,4023.51,4025.36,80
2026-07-21 03:52:00,4025.1,4025.3,4024.33,4024.63,79
2026-07-21 03:53:00,4024.69,4026.11,4024.63,4025.77,73
2026-07-21 03:54:00,4025.8,4026.63,4024.19,4024.52,94
2026-07-21 03:55:00,4024.44,4024.44,4022.65,4023.39,82
2026-07-21 03:56:00,4023.37,4024.88,4023.37,4024.57,70
2026-07-21 03:57:00,4024.52,4024.78,4023.63,4024.71,82
2026-07-21 03:58:00,4024.6,4024.64,4024.0,4024.6,88
2026-07-21 03:59:00,4024.59,4026.23,4024.39,4024.61,76
2026-07-21 04:00:00,4024.72,4025.73,4018.23,4021.26,122
2026-07-21 04:01:00,4021.58,4025.16,4021.31,4022.72,116
2026-07-21 04:02:00,4023.08,4024.3,4021.39,4022.74,109
2026-07-21 04:03:00,4022.78,4022.85,4021.36,4022.3,104
2026-07-21 04:04:00,4022.65,4023.52,4020.8,4023.52,97
2026-07-21 04:05:00,4023.53,4027.9,4023.53,4027.1,105
2026-07-21 04:06:00,4026.98,4028.95,4026.98,4027.5,104
2026-07-21 04:07:00,4027.58,4027.58,4026.24,4027.43,92
2026-07-21 04:08:00,4027.46,4028.5,4027.1,4028.28,92
2026-07-21 04:09:00,4028.39,4028.82,4026.65,4027.09,92
2026-07-21 04:10:00,4027.22,4028.62,4026.78,4027.19,110
2026-07-21 04:11:00,4027.18,4028.45,4026.9,4026.9,94
2026-07-21 04:12:00,4026.89,4028.0,4026.34,4027.26,88
2026-07-21 04:13:00,4027.11,4028.83,4026.5,4028.06,92
2026-07-21 04:14:00,4028.02,4029.55,4027.68,4028.74,109
2026-07-21 04:15:00,4028.72,4028.79,4026.83,4028.41,108
2026-07-21 04:16:00,4028.42,4031.11,4027.1,4028.7,102
2026-07-21 04:17:00,4028.77,4030.07,4027.56,4028.31,99
2026-07-21 04:18:00,4028.41,4031.47,4028.41,4030.55,93
2026-07-21 04:19:00,4030.51,4035.45,4027.95,4034.87,113
2026-07-21 04:20:00,4034.04,4034.04,4031.59,4033.06,111
2026-07-21 04:21:00,4033.03,4033.37,4031.12,4031.15,94
2026-07-21 04:22:00,4031.1,4031.41,4029.84,4030.04,89
2026-07-21 04:23:00,4030.03,4030.09,4026.51,4026.56,102
2026-07-21 04:24:00,4026.21,4028.79,4026.13,4027.8,84
2026-07-21 04:25:00,4027.82,4029.47,4027.48,4029.43,84
2026-07-21 04:26:00,4029.41,4031.32,4028.88,4030.95,98
2026-07-21 04:27:00,4030.82,4031.28,4028.43,4028.63,98
2026-07-21 04:28:00,4028.62,4030.21,4028.44,4029.36,90
2026-07-21 04:29:00,4029.34,4030.21,4027.62,4027.93,95
2026-07-21 04:30:00,4027.94,4029.6,4027.14,4027.39,110
2026-07-21 04:31:00,4027.33,4030.16,4026.84,4029.66,87
2026-07-21 04:32:00,4029.63,4029.84,4028.44,4029.82,91
2026-07-21 04:33:00,4029.77,4030.0,4026.74,4028.3,92
2026-07-21 04:34:00,4028.33,4030.55,4028.22,4030.18,87
2026-07-21 04:35:00,4030.0,4030.62,4028.02,4028.08,90
2026-07-21 04:36:00,4028.06,4029.61,4027.97,4028.57,92
2026-07-21 04:37:00,4028.59,4028.7,4026.46,4026.46,96
2026-07-21 04:38:00,4026.21,4026.69,4024.93,4025.13,103
2026-07-21 04:39:00,4025.43,4025.48,4022.9,4023.55,108
2026-07-21 04:40:00,4023.53,4025.2,4023.41,4025.01,92
2026-07-21 04:41:00,4025.0,4025.41,4024.05,4025.04,92
2026-07-21 04:42:00,4024.97,4025.51,4024.52,4025.29,83
2026-07-21 04:43:00,4025.43,4026.16,4024.72,4026.16,94
2026-07-21 04:44:00,4026.19,4026.19,4024.22,4024.22,81
2026-07-21 04:45:00,4024.21,4024.72,4022.36,4023.2,94
2026-07-21 04:46:00,4023.18,4024.22,4022.75,4024.07,92
2026-07-21 04:47:00,4024.02,4025.3,4024.0,4024.33,90
2026-07-21 04:48:00,4024.34,4026.52,4024.34,4025.74,91
2026-07-21 04:49:00,4025.83,4026.27,4025.46,4025.5,74
2026-07-21 04:50:00,4025.48,4026.06,4024.74,4025.71,85
2026-07-21 04:51:00,4025.64,4026.17,4024.91,4025.76,79
2026-07-21 04:52:00,4025.79,4027.76,4025.79,4026.56,95
2026-07-21 04:53:00,4026.53,4026.8,4025.51,4025.94,91
2026-07-21 04:54:00,4025.97,4028.01,4025.97,4027.87,80
2026-07-21 04:55:00,4027.81,4027.81,4024.96,4025.71,89
2026-07-21 04:56:00,4025.73,4025.81,4022.37,4023.42,96
2026-07-21 04:57:00,4023.44,4023.51,4022.79,4023.3,81
2026-07-21 04:58:00,4023.32,4023.39,4021.27,4021.29,93
2026-07-21 04:59:00,4021.28,4023.31,4021.27,4023.0,87
2026-07-21 05:00:00,4023.02,4024.07,4022.43,4022.74,83
2026-07-21 05:01:00,4022.73,4023.94,4022.47,4023.02,86
2026-07-21 05:02:00,4023.02,4023.53,4021.86,4022.65,82
2026-07-21 05:03:00,4022.65,4023.96,4022.58,4023.89,66
2026-07-21 05:04:00,4023.8,4023.8,4022.16,4022.53,84
2026-07-21 05:05:00,4022.51,4024.03,4022.16,4022.98,82
2026-07-21 05:06:00,4023.02,4025.89,4022.93,4025.89,88
2026-07-21 05:07:00,4025.88,4026.28,4025.34,4025.41,83
2026-07-21 05:08:00,4025.4,4026.11,4025.32,4025.66,77
2026-07-21 05:09:00,4025.62,4025.9,4024.97,4025.69,72
2026-07-21 05:10:00,4025.71,4026.42,4023.59,4023.95,84
2026-07-21 05:11:00,4023.89,4025.61,4023.84,4025.58,77
2026-07-21 05:12:00,4025.58,4025.81,4024.29,4024.32,79
2026-07-21 05:13:00,4024.33,4025.03,4023.82,4023.82,80
2026-07-21 05:14:00,4023.81,4024.32,4023.4,4024.2,73
2026-07-21 05:15:00,4024.17,4025.03,4023.89,4024.5,64
2026-07-21 05:16:00,4024.57,4025.17,4024.05,4024.24,69
2026-07-21 05:17:00,4024.28,4024.74,4024.15,4024.41,64
2026-07-21 05:18:00,4024.41,4024.57,4022.89,4023.52,55
2026-07-21 05:19:00,4023.48,4023.48,4021.86,4022.44,67
2026-07-21 05:20:00,4022.1,4023.87,4021.71,4023.69,72
2026-07-21 05:21:00,4023.72,4025.13,4023.58,4025.13,83
2026-07-21 05:22:00,4025.03,4027.0,4024.9,4026.9,89
2026-07-21 05:23:00,4026.93,4028.36,4026.62,4026.97,75
2026-07-21 05:24:00,4027.0,4028.35,4027.0,4027.92,70
2026-07-21 05:25:00,4028.05,4028.08,4025.77,4026.25,79
2026-07-21 05:26:00,4026.4,4026.76,4025.78,4026.47,72
2026-07-21 05:27:00,4026.72,4026.72,4025.42,4026.39,76
2026-07-21 05:28:00,4026.41,4027.95,4025.86,4027.74,70
2026-07-21 05:29:00,4027.78,4029.77,4027.76,4028.67,83
2026-07-21 05:30:00,4029.34,4031.98,4027.82,4031.77,114
2026-07-21 05:31:00,4031.82,4032.25,4029.91,4030.24,100
2026-07-21 05:32:00,4030.28,4031.65,4030.28,4031.51,95
2026-07-21 05:33:00,4031.5,4032.04,4030.1,4030.56,87
2026-07-21 05:34:00,4030.6,4031.41,4030.09,4030.36,95
2026-07-21 05:35:00,4030.23,4032.09,4029.91,4031.95,101
2026-07-21 05:36:00,4032.25,4044.42,4032.25,4039.31,124
2026-07-21 05:37:00,4039.3,4039.3,4036.47,4036.54,112
2026-07-21 05:38:00,4036.68,4038.09,4035.55,4037.8,106
2026-07-21 05:39:00,4037.51,4038.03,4035.86,4037.09,106
2026-07-21 05:40:00,4037.07,4039.7,4036.7,4038.46,106
2026-07-21 05:41:00,4038.41,4039.89,4037.79,4039.45,95
2026-07-21 05:42:00,4039.23,4039.86,4037.32,4037.35,98
2026-07-21 05:43:00,4037.45,4038.77,4036.54,4037.1,87
2026-07-21 05:44:00,4036.89,4037.37,4034.99,4035.35,92
2026-07-21 05:45:00,4035.42,4035.95,4035.03,4035.91,80
2026-07-21 05:46:00,4035.83,4035.97,4034.84,4035.25,84
2026-07-21 05:47:00,4035.26,4036.08,4035.07,4035.13,78
2026-07-21 05:48:00,4035.17,4035.42,4034.59,4034.66,83
2026-07-21 05:49:00,4034.41,4034.65,4033.8,4033.97,80
2026-07-21 05:50:00,4033.97,4034.76,4033.42,4033.61,76
2026-07-21 05:51:00,4033.59,4034.46,4032.95,4032.97,79
2026-07-21 05:52:00,4032.97,4033.32,4030.88,4032.46,96
2026-07-21 05:53:00,4032.42,4033.48,4032.31,4032.66,68
2026-07-21 05:54:00,4032.57,4033.56,4032.28,4033.15,90
2026-07-21 05:55:00,4033.15,4034.75,4032.7,4034.75,89
2026-07-21 05:56:00,4034.79,4036.43,4034.34,4035.89,89
2026-07-21 05:57:00,4035.86,4036.71,4035.45,4036.71,87
2026-07-21 05:58:00,4036.67,4037.74,4036.34,4036.7,85
2026-07-21 05:59:00,4036.49,4038.06,4036.49,4037.83,93
2026-07-21 06:00:00,4037.79,4039.73,4037.67,4039.07,93
2026-07-21 06:01:00,4039.05,4040.9,4039.03,4040.17,99
2026-07-21 06:02:00,4040.22,4041.98,4039.93,4041.11,96
2026-07-21 06:03:00,4041.07,4041.07,4039.02,4039.4,97
2026-07-21 06:04:00,4039.36,4040.34,4039.26,4040.3,90
2026-07-21 06:05:00,4040.37,4041.02,4039.7,4040.51,87
2026-07-21 06:06:00,4040.58,4041.2,4039.86,4041.15,81
2026-07-21 06:07:00,4041.21,4041.83,4039.75,4039.75,74
2026-07-21 06:08:00,4039.73,4040.28,4037.99,4040.08,90
2026-07-21 06:09:00,4040.0,4040.8,4039.65,4040.62,81
2026-07-21 06:10:00,4040.63,4041.26,4040.02,4040.64,87
2026-07-21 06:11:00,4040.65,4041.22,4039.96,4040.26,72
2026-07-21 06:12:00,4040.29,4040.62,4039.21,4039.31,83
2026-07-21 06:13:00,4039.3,4040.0,4038.8,4038.9,91
2026-07-21 06:14:00,4038.89,4038.89,4037.6,4037.63,73
2026-07-21 06:15:00,4037.96,4037.96,4036.72,4037.42,76
2026-07-21 06:16:00,4037.47,4038.53,4037.34,4038.51,82
2026-07-21 06:17:00,4038.46,4038.46,4037.34,4037.34,82
2026-07-21 06:18:00,4037.37,4037.84,4037.29,4037.66,87
2026-07-21 06:19:00,4037.64,4037.83,4036.71,4037.18,71
2026-07-21 06:20:00,4037.2,4038.7,4036.94,4038.24,85
2026-07-21 06:21:00,4038.19,4039.96,4037.68,4037.69,89
2026-07-21 06:22:00,4037.7,4039.3,4037.6,4038.67,81
2026-07-21 06:23:00,4038.63,4039.1,4038.16,4039.1,79
2026-07-21 06:24:00,4039.21,4041.71,4038.99,4041.51,96
2026-07-21 06:25:00,4041.63,4042.43,4041.23,4041.95,93
2026-07-21 06:26:00,4041.84,4048.79,4041.6,4047.43,109
2026-07-21 06:27:00,4047.48,4050.56,4046.02,4046.3,111
2026-07-21 06:28:00,4046.08,4046.64,4044.56,4045.77,98
2026-07-21 06:29:00,4045.92,4048.08,4045.47,4047.28,92
2026-07-21 06:30:00,4047.32,4049.36,4046.88,4048.41,90
2026-07-21 06:31:00,4048.43,4048.43,4045.44,4045.48,85
2026-07-21 06:32:00,4045.07,4045.76,4044.76,4045.27,77
2026-07-21 06:33:00,4044.88,4045.44,4044.64,4044.64,68
2026-07-21 06:34:00,4044.68,4045.05,4044.61,4044.9,72
2026-07-21 06:35:00,4044.72,4044.8,4043.61,4043.82,73
2026-07-21 06:36:00,4043.78,4044.37,4042.81,4043.28,72
2026-07-21 06:37:00,4043.36,4043.81,4042.89,4043.66,73
2026-07-21 06:38:00,4043.63,4045.0,4043.63,4044.32,62
2026-07-21 06:39:00,4044.25,4044.69,4043.86,4044.14,62
2026-07-21 06:40:00,4044.03,4044.24,4043.51,4043.53,54
2026-07-21 06:41:00,4043.54,4043.76,4043.24,4043.37,59
2026-07-21 06:42:00,4043.35,4043.59,4042.61,4042.85,64
2026-07-21 06:43:00,4042.83,4042.83,4041.99,4042.14,52
2026-07-21 06:44:00,4042.03,4042.45,4041.68,4041.7,64
2026-07-21 06:45:00,4041.73,4042.96,4041.73,4042.66,67
2026-07-21 06:46:00,4042.65,4043.54,4042.03,4042.84,61
2026-07-21 06:47:00,4042.52,4043.39,4042.52,4043.03,71
2026-07-21 06:48:00,4043.0,4044.7,4042.91,4044.7,77
2026-07-21 06:49:00,4044.72,4045.41,4044.49,4045.22,69
2026-07-21 06:50:00,4045.24,4046.0,4044.72,4046.0,64
2026-07-21 06:51:00,4046.01,4046.71,4045.05,4046.38,65
2026-07-21 06:52:00,4046.37,4046.45,4045.78,4045.88,53
2026-07-21 06:53:00,4045.91,4046.08,4045.37,4045.37,59
2026-07-21 06:54:00,4045.36,4045.93,4045.31,4045.49,60
2026-07-21 06:55:00,4045.48,4046.92,4045.17,4046.53,76
2026-07-21 06:56:00,4046.52,4046.67,4045.59,4045.79,75
2026-07-21 06:57:00,4045.95,4046.19,4045.67,4046.09,62
2026-07-21 06:58:00,4046.09,4046.78,4046.03,4046.18,72
2026-07-21 06:59:00,4046.19,4047.26,4046.03,4046.77,63
2026-07-21 07:00:00,4046.74,4048.33,4046.74,4047.92,86
2026-07-21 07:01:00,4048.0,4050.0,4047.48,4047.89,84
2026-07-21 07:02:00,4047.87,4048.02,4047.02,4047.55,50
2026-07-21 07:03:00,4047.56,4048.17,4047.09,4047.1,62
2026-07-21 07:04:00,4047.12,4048.13,4047.11,4047.84,65
2026-07-21 07:05:00,4047.83,4049.87,4047.39,4049.54,70
2026-07-21 07:06:00,4049.56,4051.42,4047.6,4047.86,98
2026-07-21 07:07:00,4047.84,4047.84,4046.93,4047.73,64
2026-07-21 07:08:00,4047.78,4048.95,4047.31,4048.45,60
2026-07-21 07:09:00,4048.44,4049.6,4048.41,4048.58,66
2026-07-21 07:10:00,4048.39,4048.39,4045.84,4045.84,79
2026-07-21 07:11:00,4045.88,4046.07,4045.54,4045.77,76
2026-07-21 07:12:00,4045.77,4045.98,4045.69,4045.95,38
2026-07-21 07:13:00,4045.98,4046.66,4045.65,4045.69,59
2026-07-21 07:14:00,4046.02,4046.77,4045.81,4045.81,55
2026-07-21 07:15:00,4045.81,4046.16,4044.43,4045.75,58
2026-07-21 07:16:00,4045.76,4046.17,4045.69,4046.14,47
2026-07-21 07:17:00,4046.22,4046.22,4045.4,4045.43,52
2026-07-21 07:18:00,4045.46,4045.53,4044.49,4044.73,55
2026-07-21 07:19:00,4044.77,4044.81,4043.69,4043.82,71
2026-07-21 07:20:00,4043.89,4046.55,4043.89,4046.28,68
2026-07-21 07:21:00,4046.29,4046.41,4045.82,4045.9,60
2026-07-21 07:22:00,4045.38,4045.41,4044.17,4044.52,56
2026-07-21 07:23:00,4044.53,4045.19,4044.52,4045.05,49
2026-07-21 07:24:00,4045.06,4045.25,4044.65,4044.82,53
2026-07-21 07:25:00,4044.81,4045.14,4044.22,4044.37,47
2026-07-21 07:26:00,4044.36,4044.41,4043.77,4043.91,57
2026-07-21 07:27:00,4043.9,4044.11,4043.6,4043.84,55
2026-07-21 07:28:00,4043.86,4044.63,4043.81,4044.5,51
2026-07-21 07:29:00,4044.51,4044.59,4043.93,4044.55,54
2026-07-21 07:30:00,4044.51,4045.23,4044.27,4044.91,52
2026-07-21 07:31:00,4044.92,4045.76,4044.92,4045.16,58
2026-07-21 07:32:00,4045.13,4045.32,4044.77,4045.06,56
2026-07-21 07:33:00,4045.06,4045.54,4044.86,4045.08,35
2026-07-21 07:34:00,4045.09,4045.49,4045.02,4045.37,64
2026-07-21 07:35:00,4045.33,4045.79,4045.07,4045.58,67
2026-07-21 07:36:00,4045.58,4045.58,4045.15,4045.2,47
2026-07-21 07:37:00,4045.04,4046.31,4045.04,4046.23,48
2026-07-21 07:38:00,4046.24,4046.35,4045.92,4046.03,44
2026-07-21 07:39:00,4046.1,4046.32,4045.94,4045.94,59
2026-07-21 07:40:00,4045.85,4046.06,4045.56,4045.63,43
2026-07-21 07:41:00,4045.58,4045.72,4044.91,4045.03,47
2026-07-21 07:42:00,4045.01,4047.38,4044.91,4047.36,63
2026-07-21 07:43:00,4047.16,4047.24,4046.45,4046.97,68
2026-07-21 07:44:00,4046.84,4046.95,4046.44,4046.78,46
2026-07-21 07:45:00,4046.96,4046.96,4045.51,4045.91,55
2026-07-21 07:46:00,4046.1,4046.71,4045.68,4046.23,44
2026-07-21 07:47:00,4046.3,4047.22,4046.3,4047.21,52
2026-07-21 07:48:00,4047.22,4047.45,4046.63,4046.67,49
2026-07-21 07:49:00,4046.68,4046.75,4046.39,4046.4,40
2026-07-21 07:50:00,4046.38,4046.38,4045.55,4045.72,65
2026-07-21 07:51:00,4045.73,4045.84,4045.31,4045.5,50
2026-07-21 07:52:00,4045.56,4046.99,4045.41,4046.99,46
2026-07-21 07:53:00,4046.93,4047.13,4046.14,4046.57,50
2026-07-21 07:54:00,4046.56,4047.18,4046.49,4047.09,44
2026-07-21 07:55:00,4047.11,4047.51,4046.57,4047.51,49
2026-07-21 07:56:00,4047.7,4048.34,4046.96,4048.08,64
2026-07-21 07:57:00,4048.11,4048.71,4048.0,4048.47,62
2026-07-21 07:58:00,4048.48,4048.92,4048.27,4048.92,75
2026-07-21 07:59:00,4048.91,4049.55,4048.13,4049.43,73
2026-07-21 08:00:00,4049.41,4050.19,4048.59,4049.74,73
2026-07-21 08:01:00,4049.75,4049.75,4048.29,4048.4,71
2026-07-21 08:02:00,4048.43,4048.95,4048.27,4048.7,63
2026-07-21 08:03:00,4048.66,4048.95,4048.26,4048.27,51
2026-07-21 08:04:00,4048.28,4048.95,4048.28,4048.55,55
2026-07-21 08:05:00,4048.39,4048.39,4047.52,4047.98,61
2026-07-21 08:06:00,4047.88,4048.02,4046.92,4047.18,77
2026-07-21 08:07:00,4047.15,4049.61,4046.23,4048.94,71
2026-07-21 08:08:00,4048.96,4049.59,4048.34,4048.37,68
2026-07-21 08:09:00,4048.34,4050.19,4048.29,4050.19,61
2026-07-21 08:10:00,4050.05,4050.25,4049.32,4049.36,65
2026-07-21 08:11:00,4049.34,4049.54,4048.2,4048.28,55
2026-07-21 08:12:00,4048.19,4049.85,4048.15,4049.63,62
2026-07-21 08:13:00,4049.58,4051.06,4049.34,4050.88,71
2026-07-21 08:14:00,4050.97,4051.57,4050.92,4051.3,78
2026-07-21 08:15:00,4051.2,4053.2,4050.51,4050.87,76
2026-07-21 08:16:00,4050.66,4050.86,4049.56,4049.61,63
2026-07-21 08:17:00,4049.4,4049.9,4048.82,4049.54,64
2026-07-21 08:18:00,4049.55,4050.11,4048.78,4050.02,57
2026-07-21 08:19:00,4050.07,4050.51,4049.67,4050.32,50
2026-07-21 08:20:00,4050.21,4050.23,4048.17,4048.17,68
2026-07-21 08:21:00,4048.3,4049.36,4047.9,4049.0,58
2026-07-21 08:22:00,4049.01,4049.21,4048.78,4048.95,57
2026-07-21 08:23:00,4048.97,4049.23,4048.62,4048.97,51
2026-07-21 08:24:00,4048.9,4051.18,4048.9,4050.91,70
2026-07-21 08:25:00,4050.86,4054.81,4050.83,4054.56,87
2026-07-21 08:26:00,4054.6,4056.14,4054.48,4055.07,74
2026-07-21 08:27:00,4055.19,4055.67,4053.2,4053.39,81
2026-07-21 08:28:00,4053.46,4054.32,4053.35,4053.41,72
2026-07-21 08:29:00,4053.43,4054.87,4053.43,4054.13,68
2026-07-21 08:30:00,4054.24,4057.7,4054.24,4057.4,112
2026-07-21 08:31:00,4057.14,4057.35,4056.32,4056.53,86
2026-07-21 08:32:00,4056.55,4057.59,4055.49,4057.05,86
2026-07-21 08:33:00,4057.04,4060.27,4057.04,4058.58,106
2026-07-21 08:34:00,4058.39,4059.64,4058.01,4059.48,78
2026-07-21 08:35:00,4059.44,4060.9,4059.16,4060.35,84
2026-07-21 08:36:00,4060.14,4061.5,4059.81,4061.11,81
2026-07-21 08:37:00,4061.14,4061.45,4058.78,4058.85,92
2026-07-21 08:38:00,4058.82,4059.71,4058.79,4059.35,74
2026-07-21 08:39:00,4059.38,4061.25,4059.35,4061.02,83
2026-07-21 08:40:00,4061.05,4063.65,4060.11,4063.25,101
2026-07-21 08:41:00,4063.23,4064.73,4063.09,4064.14,101
2026-07-21 08:42:00,4064.01,4065.74,4063.27,4064.06,92
2026-07-21 08:43:00,4064.14,4066.56,4063.81,4065.53,98
2026-07-21 08:44:00,4065.32,4066.33,4064.34,4065.98,94
2026-07-21 08:45:00,4066.0,4066.08,4063.95,4064.94,89
2026-07-21 08:46:00,4064.83,4067.71,4064.83,4067.49,101
2026-07-21 08:47:00,4067.58,4067.91,4064.8,4066.42,96
2026-07-21 08:48:00,4066.42,4067.21,4065.78,4066.7,94
2026-07-21 08:49:00,4066.7,4067.02,4065.21,4066.1,84
2026-07-21 08:50:00,4065.8,4066.66,4064.93,4065.5,95
2026-07-21 08:51:00,4065.4,4065.4,4063.11,4063.63,89
2026-07-21 08:52:00,4063.62,4064.11,4062.34,4063.73,94
2026-07-21 08:53:00,4063.59,4064.01,4063.0,4063.56,94
2026-07-21 08:54:00,4063.53,4063.78,4062.56,4062.89,89
2026-07-21 08:55:00,4062.98,4064.03,4062.56,4063.98,85
2026-07-21 08:56:00,4064.03,4064.79,4063.23,4063.6,80
2026-07-21 08:57:00,4063.55,4063.55,4062.45,4062.49,79
2026-07-21 08:58:00,4062.48,4062.89,4061.43,4062.14,86
2026-07-21 08:59:00,4062.19,4062.37,4061.29,4061.53,76
2026-07-21 09:00:00,4061.52,4064.32,4061.52,4063.93,92
2026-07-21 09:01:00,4063.92,4064.32,4063.26,4064.26,85
2026-07-21 09:02:00,4064.13,4065.6,4063.92,4065.08,94
2026-07-21 09:03:00,4065.05,4066.55,4064.8,4066.45,95
2026-07-21 09:04:00,4066.47,4066.58,4064.74,4065.25,89
2026-07-21 09:05:00,4065.28,4066.32,4064.16,4064.76,100
2026-07-21 09:06:00,4064.9,4065.23,4064.08,4064.63,88
2026-07-21 09:07:00,4064.67,4065.84,4064.36,4064.65,78
2026-07-21 09:08:00,4064.74,4066.24,4064.53,4066.17,76
2026-07-21 09:09:00,4066.08,4067.76,4065.98,4067.76,94
2026-07-21 09:10:00,4067.73,4068.26,4066.97,4067.66,93
2026-07-21 09:11:00,4067.51,4070.6,4066.82,4070.14,104
2026-07-21 09:12:00,4070.39,4070.85,4069.61,4069.97,91
2026-07-21 09:13:00,4069.95,4072.47,4069.5,4070.87,106
2026-07-21 09:14:00,4070.84,4071.98,4070.74,4071.35,89
2026-07-21 09:15:00,4071.42,4072.4,4070.71,4070.71,95
2026-07-21 09:16:00,4070.68,4072.73,4070.39,4071.13,102
2026-07-21 09:17:00,4071.09,4071.09,4068.88,4070.27,100
2026-07-21 09:18:00,4070.32,4070.88,4068.44,4070.06,99
2026-07-21 09:19:00,4070.03,4071.71,4070.03,4071.61,75
2026-07-21 09:20:00,4071.58,4072.75,4069.96,4070.11,92
2026-07-21 09:21:00,4070.01,4071.61,4069.91,4071.17,86
2026-07-21 09:22:00,4071.04,4073.53,4070.63,4072.52,85
2026-07-21 09:23:00,4072.38,4073.42,4072.06,4073.38,90
2026-07-21 09:24:00,4073.36,4074.47,4072.26,4073.54,90
2026-07-21 09:25:00,4073.62,4074.12,4072.99,4073.36,89
2026-07-21 09:26:00,4072.77,4072.99,4071.92,4072.19,92
2026-07-21 09:27:00,4072.24,4072.31,4071.21,4072.16,79
2026-07-21 09:28:00,4072.14,4072.55,4071.48,4071.65,88
2026-07-21 09:29:00,4071.64,4072.6,4071.64,4072.43,88
2026-07-21 09:30:00,4072.78,4073.29,4071.95,4072.64,94
2026-07-21 09:31:00,4072.71,4073.66,4072.23,4072.34,95
2026-07-21 09:32:00,4072.36,4074.65,4072.35,4074.1,88
2026-07-21 09:33:00,4074.1,4074.15,4072.47,4072.86,86
2026-07-21 09:34:00,4072.82,4073.13,4072.02,4072.59,98
2026-07-21 09:35:00,4072.55,4074.82,4072.55,4073.46,105
2026-07-21 09:36:00,4073.45,4076.06,4072.56,4074.25,92
2026-07-21 09:37:00,4074.24,4075.09,4073.82,4074.46,74
2026-07-21 09:38:00,4074.38,4074.74,4073.39,4074.36,90
2026-07-21 09:39:00,4074.38,4074.58,4073.54,4074.47,74
2026-07-21 09:40:00,4074.45,4075.44,4073.97,4074.01,74
2026-07-21 09:41:00,4073.96,4079.27,4073.95,4078.29,92
2026-07-21 09:42:00,4078.5,4080.57,4078.07,4078.07,102
2026-07-21 09:43:00,4078.17,4078.17,4077.01,4078.1,91
2026-07-21 09:44:00,4078.17,4078.53,4076.94,4077.1,91
2026-07-21 09:45:00,4077.2,4079.04,4077.2,4079.01,89
2026-07-21 09:46:00,4079.03,4079.24,4078.19,4079.24,77
2026-07-21 09:47:00,4079.24,4080.24,4078.6,4079.52,84
2026-07-21 09:48:00,4079.48,4082.82,4079.48,4081.89,97
2026-07-21 09:49:00,4081.96,4084.1,4081.96,4083.0,102
2026-07-21 09:50:00,4082.99,4083.38,4079.82,4079.84,83
2026-07-21 09:51:00,4079.97,4080.74,4079.58,4079.66,74
2026-07-21 09:52:00,4079.74,4080.94,4079.34,4080.63,87
2026-07-21 09:53:00,4080.67,4080.74,4079.9,4080.05,84
2026-07-21 09:54:00,4080.21,4080.88,4080.14,4080.23,83
2026-07-21 09:55:00,4080.24,4080.28,4079.15,4079.81,79
2026-07-21 09:56:00,4079.83,4080.68,4079.33,4080.25,76
2026-07-21 09:57:00,4080.31,4080.38,4079.12,4079.18,68
2026-07-21 09:58:00,4079.19,4079.53,4078.77,4079.22,83
2026-07-21 09:59:00,4079.06,4079.49,4078.67,4078.76,87
2026-07-21 10:00:00,4078.54,4080.1,4077.57,4077.7,92
2026-07-21 10:01:00,4077.75,4079.41,4077.74,4078.46,82
2026-07-21 10:02:00,4078.49,4079.01,4077.85,4078.37,77
2026-07-21 10:03:00,4078.38,4079.3,4078.03,4078.03,81
2026-07-21 10:04:00,4078.07,4078.11,4077.3,4077.57,72
2026-07-21 10:05:00,4077.52,4077.88,4076.13,4076.13,84
2026-07-21 10:06:00,4076.35,4077.85,4076.22,4077.4,82
2026-07-21 10:07:00,4077.42,4077.51,4076.7,4077.04,79
2026-07-21 10:08:00,4077.01,4077.8,4076.14,4076.25,78
2026-07-21 10:09:00,4076.26,4076.26,4074.74,4074.74,81
2026-07-21 10:10:00,4074.91,4075.38,4074.08,4074.46,77
2026-07-21 10:11:00,4074.51,4074.7,4072.53,4072.96,78
2026-07-21 10:12:00,4073.07,4073.47,4071.83,4071.89,88
2026-07-21 10:13:00,4071.9,4072.86,4071.9,4072.49,72
2026-07-21 10:14:00,4072.49,4073.1,4072.12,4072.12,76
2026-07-21 10:15:00,4072.18,4073.19,4071.08,4071.15,71
2026-07-21 10:16:00,4071.17,4072.41,4071.14,4072.41,78
2026-07-21 10:17:00,4072.12,4072.25,4071.75,4072.0,74
2026-07-21 10:18:00,4072.26,4073.1,4071.93,4071.93,69
2026-07-21 10:19:00,4071.85,4073.44,4071.85,4073.44,70
2026-07-21 10:20:00,4073.4,4073.4,4071.57,4071.62,66
2026-07-21 10:21:00,4071.66,4071.95,4071.13,4071.31,67
2026-07-21 10:22:00,4071.53,4072.57,4071.53,4071.96,62
2026-07-21 10:23:00,4071.99,4072.04,4070.73,4071.26,58
2026-07-21 10:24:00,4071.25,4071.81,4070.91,4070.91,63
2026-07-21 10:25:00,4070.66,4070.99,4070.02,4070.02,79
2026-07-21 10:26:00,4069.99,4070.16,4069.49,4069.93,64
2026-07-21 10:27:00,4069.8,4069.92,4068.39,4068.69,79
2026-07-21 10:28:00,4068.94,4070.24,4068.94,4070.24,80
2026-07-21 10:29:00,4070.27,4070.6,4069.62,4069.62,77
2026-07-21 10:30:00,4069.61,4069.62,4068.19,4068.19,77
2026-07-21 10:31:00,4068.14,4068.78,4067.73,4067.96,71
2026-07-21 10:32:00,4068.02,4070.62,4067.95,4070.62,82
2026-07-21 10:33:00,4070.66,4072.62,4070.66,4072.1,98
2026-07-21 10:34:00,4072.0,4073.74,4072.0,4073.36,72
2026-07-21 10:35:00,4073.34,4074.68,4073.33,4074.68,88
2026-07-21 10:36:00,4074.63,4075.34,4073.44,4073.89,79
2026-07-21 10:37:00,4074.21,4074.31,4072.87,4072.87,63
2026-07-21 10:38:00,4072.86,4073.82,4072.71,4073.79,71
2026-07-21 10:39:00,4073.85,4074.17,4073.08,4073.31,63
2026-07-21 10:40:00,4073.11,4073.77,4073.07,4073.2,69
2026-07-21 10:41:00,4073.23,4073.98,4072.25,4073.98,57
2026-07-21 10:42:00,4074.0,4074.0,4072.55,4072.93,72
2026-07-21 10:43:00,4072.92,4073.15,4072.09,4072.19,66
2026-07-21 10:44:00,4072.2,4072.33,4071.5,4071.52,42
2026-07-21 10:45:00,4071.63,4072.48,4071.25,4071.61,66
2026-07-21 10:46:00,4071.55,4071.85,4070.78,4070.78,71
2026-07-21 10:47:00,4070.79,4071.18,4070.29,4071.18,60
2026-07-21 10:48:00,4071.36,4071.97,4070.43,4071.96,65
2026-07-21 10:49:00,4071.82,4072.07,4071.34,4071.47,75
2026-07-21 10:50:00,4071.5,4072.08,4071.33,4071.85,71
2026-07-21 10:51:00,4071.86,4071.96,4071.07,4071.37,70
2026-07-21 10:52:00,4071.56,4071.65,4070.66,4071.12,69
2026-07-21 10:53:00,4071.14,4071.2,4070.59,4070.7,66
2026-07-21 10:54:00,4070.7,4072.0,4070.49,4070.6,75
2026-07-21 10:55:00,4070.52,4070.95,4069.92,4070.59,82
2026-07-21 10:56:00,4070.69,4071.42,4070.12,4071.3,78
2026-07-21 10:57:00,4071.29,4071.29,4069.93,4070.29,73
2026-07-21 10:58:00,4070.32,4070.79,4070.3,4070.79,68
2026-07-21 10:59:00,4070.82,4071.82,4070.66,4071.38,60
2026-07-21 11:00:00,4071.32,4072.52,4069.41,4069.62,92
2026-07-21 11:01:00,4069.67,4069.67,4068.16,4068.42,80
2026-07-21 11:02:00,4068.54,4069.92,4066.56,4067.27,95
2026-07-21 11:03:00,4067.4,4068.66,4066.69,4066.69,70
2026-07-21 11:04:00,4066.61,4067.58,4066.22,4066.37,89
2026-07-21 11:05:00,4066.53,4068.98,4066.2,4068.38,80
2026-07-21 11:06:00,4068.48,4069.64,4068.17,4069.64,78
2026-07-21 11:07:00,4069.66,4069.67,4066.92,4066.92,80
2026-07-21 11:08:00,4066.99,4068.27,4065.64,4066.48,78
2026-07-21 11:09:00,4066.49,4066.84,4066.0,4066.66,73
2026-07-21 11:10:00,4066.68,4067.28,4066.52,4067.28,55
2026-07-21 11:11:00,4067.36,4068.18,4065.94,4067.29,78
2026-07-21 11:12:00,4067.45,4067.63,4066.76,4067.23,67
2026-07-21 11:13:00,4067.33,4068.02,4067.15,4068.02,57
2026-07-21 11:14:00,4067.98,4068.54,4067.54,4068.05,70
2026-07-21 11:15:00,4068.07,4068.64,4067.37,4067.94,80
2026-07-21 11:16:00,4067.98,4068.18,4067.42,4067.83,71
2026-07-21 11:17:00,4067.83,4067.89,4066.76,4067.37,66
2026-07-21 11:18:00,4067.31,4067.48,4066.21,4066.43,75
2026-07-21 11:19:00,4066.37,4067.27,4066.28,4067.01,80
2026-07-21 11:20:00,4067.0,4067.08,4065.05,4065.12,78
2026-07-21 11:21:00,4065.11,4065.11,4064.52,4064.79,73
2026-07-21 11:22:00,4064.92,4065.11,4064.24,4064.4,68
2026-07-21 11:23:00,4064.42,4064.42,4063.34,4064.02,85
2026-07-21 11:24:00,4064.01,4064.01,4063.27,4063.93,81
2026-07-21 11:25:00,4064.09,4064.51,4063.44,4063.76,81
2026-07-21 11:26:00,4063.78,4064.13,4063.38,4063.4,67
2026-07-21 11:27:00,4063.5,4064.41,4063.14,4064.41,76
2026-07-21 11:28:00,4064.44,4064.78,4063.28,4063.64,74
2026-07-21 11:29:00,4063.57,4063.81,4063.14,4063.4,79
2026-07-21 11:30:00,4063.62,4064.06,4062.67,4063.45,94
2026-07-21 11:31:00,4063.74,4064.38,4063.5,4063.82,83
2026-07-21 11:32:00,4063.77,4065.14,4063.36,4064.69,67
2026-07-21 11:33:00,4064.67,4064.95,4063.89,4064.46,75
2026-07-21 11:34:00,4064.42,4064.43,4062.05,4062.75,66
2026-07-21 11:35:00,4062.74,4063.6,4062.13,4063.08,77
2026-07-21 11:36:00,4063.13,4063.13,4061.06,4061.08,80
2026-07-21 11:37:00,4061.14,4062.66,4061.14,4062.23,78
2026-07-21 11:38:00,4062.39,4062.44,4062.04,4062.38,60
2026-07-21 11:39:00,4062.42,4062.58,4061.76,4062.46,51
2026-07-21 11:40:00,4062.45,4063.81,4062.27,4063.58,53
2026-07-21 11:41:00,4063.63,4064.03,4063.56,4063.88,75
2026-07-21 11:42:00,4063.84,4063.86,4062.47,4062.47,72
2026-07-21 11:43:00,4062.49,4063.14,4062.45,4062.89,62
2026-07-21 11:44:00,4062.87,4062.93,4062.08,4062.25,69
2026-07-21 11:45:00,4062.27,4062.47,4060.99,4061.33,70
2026-07-21 11:46:00,4061.27,4061.27,4060.58,4060.77,74
2026-07-21 11:47:00,4060.76,4060.86,4060.25,4060.34,69
2026-07-21 11:48:00,4060.37,4060.67,4059.24,4059.93,78
2026-07-21 11:49:00,4059.92,4060.29,4059.76,4060.1,64
2026-07-21 11:50:00,4060.11,4060.49,4059.27,4059.57,83
2026-07-21 11:51:00,4059.62,4061.49,4059.22,4060.89,74
2026-07-21 11:52:00,4061.11,4063.47,4061.02,4062.76,80
2026-07-21 11:53:00,4062.74,4062.83,4061.91,4061.97,78
2026-07-21 11:54:00,4061.83,4062.07,4061.12,4061.23,62
2026-07-21 11:55:00,4061.21,4062.09,4060.29,4061.97,70
2026-07-21 11:56:00,4061.91,4062.83,4061.91,4062.54,55
2026-07-21 11:57:00,4062.52,4062.59,4061.25,4061.62,57
2026-07-21 11:58:00,4061.61,4062.84,4061.55,4062.35,54
2026-07-21 11:59:00,4062.38,4063.6,4062.38,4063.1,65
2026-07-21 12:00:00,4062.83,4064.16,4062.83,4063.28,76
2026-07-21 12:01:00,4063.16,4064.32,4063.09,4064.08,50
2026-07-21 12:02:00,4064.04,4065.34,4063.76,4065.23,60
2026-07-21 12:03:00,4065.24,4065.87,4064.63,4065.5,79
2026-07-21 12:04:00,4065.56,4066.66,4065.51,4066.15,79
2026-07-21 12:05:00,4066.11,4066.11,4064.3,4065.31,73
2026-07-21 12:06:00,4065.33,4066.2,4064.36,4064.68,72
2026-07-21 12:07:00,4064.84,4065.03,4063.85,4064.2,61
2026-07-21 12:08:00,4064.2,4066.36,4063.92,4066.14,73
2026-07-21 12:09:00,4066.04,4066.72,4065.68,4066.06,60
2026-07-21 12:10:00,4066.04,4066.32,4065.4,4065.4,60
2026-07-21 12:11:00,4065.32,4065.54,4065.15,4065.26,51
2026-07-21 12:12:00,4065.25,4065.68,4065.22,4065.29,44
2026-07-21 12:13:00,4065.28,4065.69,4065.03,4065.09,41
2026-07-21 12:14:00,4065.08,4065.47,4064.85,4065.23,47
2026-07-21 12:15:00,4065.24,4066.1,4064.88,4066.1,59
2026-07-21 12:16:00,4066.26,4066.74,4065.85,4066.08,62
2026-07-21 12:17:00,4066.12,4066.4,4064.92,4066.38,70
2026-07-21 12:18:00,4066.39,4066.48,4065.77,4065.92,68
2026-07-21 12:19:00,4065.95,4066.65,4065.62,4066.61,69
2026-07-21 12:20:00,4066.46,4067.96,4066.46,4066.81,74
2026-07-21 12:21:00,4066.79,4066.83,4065.22,4066.5,69
2026-07-21 12:22:00,4066.54,4067.59,4066.16,4067.28,66
2026-07-21 12:23:00,4067.27,4068.26,4066.7,4066.7,86
2026-07-21 12:24:00,4066.42,4067.01,4066.01,4067.01,64
2026-07-21 12:25:00,4067.03,4068.23,4066.98,4068.21,62
2026-07-21 12:26:00,4068.22,4068.31,4066.02,4066.02,76
2026-07-21 12:27:00,4066.03,4066.03,4064.44,4065.1,66
2026-07-21 12:28:00,4065.11,4065.14,4063.65,4063.76,62
2026-07-21 12:29:00,4063.78,4064.03,4062.55,4062.83,75
2026-07-21 12:30:00,4062.81,4065.52,4062.39,4062.78,96
2026-07-21 12:31:00,4062.76,4063.83,4061.89,4063.42,75
2026-07-21 12:32:00,4063.42,4063.81,4063.27,4063.6,65
2026-07-21 12:33:00,4063.47,4064.58,4062.66,4064.41,67
2026-07-21 12:34:00,4064.43,4064.73,4063.14,4063.14,63
2026-07-21 12:35:00,4063.13,4063.5,4062.73,4062.83,64
2026-07-21 12:36:00,4062.85,4062.93,4062.49,4062.62,62
2026-07-21 12:37:00,4062.93,4063.93,4062.05,4063.92,60
2026-07-21 12:38:00,4063.89,4064.07,4063.38,4063.39,64
2026-07-21 12:39:00,4063.38,4063.38,4061.85,4062.52,57
2026-07-21 12:40:00,4062.52,4062.91,4062.06,4062.42,49
2026-07-21 12:41:00,4062.44,4062.53,4061.77,4061.9,56
2026-07-21 12:42:00,4061.74,4061.98,4061.15,4061.42,65
2026-07-21 12:43:00,4061.24,4062.26,4061.19,4062.22,56
2026-07-21 12:44:00,4062.23,4062.79,4061.93,4062.46,62
2026-07-21 12:45:00,4062.49,4063.38,4062.18,4063.3,63
2026-07-21 12:46:00,4063.36,4065.43,4063.02,4064.68,60
2026-07-21 12:47:00,4064.36,4064.77,4064.03,4064.77,67
2026-07-21 12:48:00,4064.76,4066.22,4064.31,4066.22,66
2026-07-21 12:49:00,4066.26,4067.0,4066.12,4066.45,66
2026-07-21 12:50:00,4066.46,4066.46,4064.66,4064.78,75
2026-07-21 12:51:00,4064.81,4068.02,4064.55,4067.73,74
2026-07-21 12:52:00,4067.65,4068.21,4067.2,4068.06,80
2026-07-21 12:53:00,4068.03,4069.4,4067.99,4069.2,69
2026-07-21 12:54:00,4069.17,4069.67,4069.05,4069.05,69
2026-07-21 12:55:00,4069.09,4069.28,4068.1,4068.52,64
2026-07-21 12:56:00,4068.53,4069.23,4068.32,4068.89,70
2026-07-21 12:57:00,4068.86,4068.97,4066.99,4067.52,61
2026-07-21 12:58:00,4067.5,4068.19,4067.2,4068.1,73
2026-07-21 12:59:00,4068.15,4068.18,4065.92,4066.03,73
2026-07-21 13:00:00,4066.05,4067.25,4065.67,4065.94,75
2026-07-21 13:01:00,4065.98,4067.0,4065.98,4067.0,73
2026-07-21 13:02:00,4067.26,4068.16,4066.83,4067.82,74
2026-07-21 13:03:00,4067.82,4067.92,4066.23,4066.23,69
2026-07-21 13:04:00,4066.18,4066.18,4063.76,4064.09,78
2026-07-21 13:05:00,4064.13,4064.31,4063.68,4063.68,60
2026-07-21 13:06:00,4063.63,4063.82,4063.37,4063.41,63
2026-07-21 13:07:00,4063.43,4063.47,4062.95,4063.26,50
2026-07-21 13:08:00,4063.25,4063.41,4062.78,4062.84,73
2026-07-21 13:09:00,4062.85,4063.25,4061.64,4061.74,78
2026-07-21 13:10:00,4061.69,4064.82,4061.0,4064.54,105
2026-07-21 13:11:00,4064.76,4068.41,4064.34,4068.2,119
2026-07-21 13:12:00,4068.3,4068.3,4066.19,4066.42,99
2026-07-21 13:13:00,4066.37,4067.46,4066.32,4066.84,84
2026-07-21 13:14:00,4066.88,4067.33,4066.19,4066.31,84
2026-07-21 13:15:00,4066.39,4066.77,4065.05,4065.58,88
2026-07-21 13:16:00,4065.73,4067.31,4065.54,4066.67,80
2026-07-21 13:17:00,4066.65,4067.02,4066.19,4067.0,68
2026-07-21 13:18:00,4066.98,4068.23,4066.97,4067.85,74
2026-07-21 13:19:00,4067.89,4068.15,4067.46,4067.47,75
2026-07-21 13:20:00,4067.48,4067.83,4067.22,4067.75,82
2026-07-21 13:21:00,4067.78,4068.24,4067.15,4067.98,74
2026-07-21 13:22:00,4068.01,4068.44,4067.61,4067.7,91
2026-07-21 13:23:00,4067.69,4068.55,4067.49,4068.33,73
2026-07-21 13:24:00,4068.21,4069.17,4067.38,4067.47,68
2026-07-21 13:25:00,4067.46,4069.03,4067.25,4068.8,72
2026-07-21 13:26:00,4068.77,4069.29,4068.19,4068.9,75
2026-07-21 13:27:00,4068.92,4069.18,4067.69,4067.75,79
2026-07-21 13:28:00,4067.77,4068.15,4067.34,4067.66,68
2026-07-21 13:29:00,4067.59,4067.76,4066.37,4066.8,77
2026-07-21 13:30:00,4066.81,4067.72,4066.81,4067.41,74
2026-07-21 13:31:00,4067.4,4068.17,4067.4,4067.86,57
2026-07-21 13:32:00,4067.83,4067.84,4066.65,4067.82,70
2026-07-21 13:33:00,4067.84,4068.27,4067.17,4067.28,63
2026-07-21 13:34:00,4067.29,4068.43,4067.26,4068.29,56
2026-07-21 13:35:00,4068.27,4069.06,4068.11,4068.12,69
2026-07-21 13:36:00,4068.14,4069.94,4068.1,4069.42,76
2026-07-21 13:37:00,4069.41,4070.09,4068.76,4070.09,73
2026-07-21 13:38:00,4070.12,4070.19,4069.15,4069.16,68
2026-07-21 13:39:00,4069.15,4069.75,4068.67,4068.89,71
2026-07-21 13:40:00,4068.87,4068.87,4066.98,4067.65,72
2026-07-21 13:41:00,4067.64,4068.25,4067.42,4068.19,61
2026-07-21 13:42:00,4068.2,4068.39,4067.34,4067.4,68
2026-07-21 13:43:00,4067.42,4067.92,4067.42,4067.74,57
2026-07-21 13:44:00,4067.72,4067.9,4066.94,4067.14,49
2026-07-21 13:45:00,4067.15,4068.53,4066.99,4068.16,73
2026-07-21 13:46:00,4068.18,4068.43,4066.68,4066.68,76
2026-07-21 13:47:00,4066.68,4066.7,4063.98,4064.1,78
2026-07-21 13:48:00,4064.29,4064.38,4063.03,4063.78,72
2026-07-21 13:49:00,4063.8,4064.32,4063.07,4063.08,58
2026-07-21 13:50:00,4063.16,4064.28,4063.06,4063.06,75
2026-07-21 13:51:00,4063.26,4063.74,4062.96,4063.74,75
2026-07-21 13:52:00,4063.63,4065.61,4063.6,4065.18,72
2026-07-21 13:53:00,4065.35,4066.29,4065.35,4065.72,55
2026-07-21 13:54:00,4065.71,4065.99,4064.82,4064.91,51
2026-07-21 13:55:00,4064.89,4065.11,4064.06,4064.42,80
2026-07-21 13:56:00,4064.42,4064.96,4064.19,4064.92,70
2026-07-21 13:57:00,4064.93,4064.99,4062.61,4062.61,76
2026-07-21 13:58:00,4062.74,4063.88,4062.69,4062.79,73
2026-07-21 13:59:00,4062.9,4063.18,4062.74,4062.93,66
2026-07-21 14:00:00,4063.04,4063.71,4061.07,4061.07,89
2026-07-21 14:01:00,4061.0,4061.24,4060.08,4061.07,91
2026-07-21 14:02:00,4061.03,4061.89,4060.85,4060.98,76
2026-07-21 14:03:00,4060.93,4060.95,4059.49,4059.97,89
2026-07-21 14:04:00,4060.02,4060.06,4056.38,4056.85,94
2026-07-21 14:05:00,4056.85,4058.6,4056.73,4058.31,82
2026-07-21 14:06:00,4058.29,4058.96,4057.31,4057.31,81
2026-07-21 14:07:00,4057.29,4057.29,4055.64,4056.08,80
2026-07-21 14:08:00,4056.16,4057.09,4056.16,4056.84,72
2026-07-21 14:09:00,4056.84,4056.84,4055.53,4056.21,74
2026-07-21 14:10:00,4056.09,4057.29,4056.02,4056.52,81
2026-07-21 14:11:00,4056.83,4057.99,4056.65,4057.99,73
2026-07-21 14:12:00,4058.0,4058.89,4057.47,4058.14,80
2026-07-21 14:13:00,4058.17,4058.55,4057.58,4057.6,76
2026-07-21 14:14:00,4057.63,4058.43,4057.63,4058.38,67
2026-07-21 14:15:00,4058.37,4059.46,4058.28,4059.12,75
2026-07-21 14:16:00,4059.11,4059.19,4058.56,4058.59,68
2026-07-21 14:17:00,4058.37,4058.92,4058.32,4058.35,78
2026-07-21 14:18:00,4058.32,4059.43,4058.31,4058.64,57
2026-07-21 14:19:00,4058.61,4058.84,4057.83,4057.83,70
2026-07-21 14:20:00,4057.87,4057.95,4056.38,4056.89,69
2026-07-21 14:21:00,4056.92,4056.97,4056.09,4056.45,63
2026-07-21 14:22:00,4056.44,4057.61,4056.25,4057.6,70
2026-07-21 14:23:00,4057.62,4058.28,4057.6,4058.16,71
2026-07-21 14:24:00,4058.37,4059.19,4058.31,4059.19,68
2026-07-21 14:25:00,4059.18,4059.32,4057.08,4057.52,76
2026-07-21 14:26:00,4057.47,4058.21,4057.47,4058.17,69
2026-07-21 14:27:00,4058.16,4059.33,4057.81,4059.15,76
2026-07-21 14:28:00,4059.21,4059.5,4059.17,4059.31,49
2026-07-21 14:29:00,4059.24,4059.6,4057.87,4057.88,50
2026-07-21 14:30:00,4057.85,4059.42,4057.72,4059.19,76
2026-07-21 14:31:00,4059.17,4059.17,4057.92,4058.39,71
2026-07-21 14:32:00,4058.33,4058.87,4057.93,4057.93,72
2026-07-21 14:33:00,4057.91,4058.71,4057.89,4058.58,71
2026-07-21 14:34:00,4058.62,4058.94,4058.58,4058.67,66
2026-07-21 14:35:00,4058.68,4059.54,4058.54,4059.54,63
2026-07-21 14:36:00,4059.56,4060.66,4059.36,4060.25,69
2026-07-21 14:37:00,4060.03,4060.19,4059.54,4060.05,68
2026-07-21 14:38:00,4060.1,4060.43,4059.72,4059.84,77
2026-07-21 14:39:00,4060.05,4061.01,4059.66,4059.83,92
2026-07-21 14:40:00,4059.81,4059.97,4058.0,4058.0,83
2026-07-21 14:41:00,4058.02,4058.64,4057.09,4057.09,81
2026-07-21 14:42:00,4057.02,4057.25,4055.55,4055.64,60
2026-07-21 14:43:00,4055.65,4056.37,4055.4,4056.32,69
2026-07-21 14:44:00,4056.31,4056.46,4055.62,4055.92,71
2026-07-21 14:45:00,4055.91,4056.74,4054.29,4054.29,65
2026-07-21 14:46:00,4054.27,4054.99,4054.27,4054.88,59
2026-07-21 14:47:00,4054.94,4057.19,4054.94,4056.83,62
2026-07-21 14:48:00,4056.91,4056.98,4056.21,4056.26,42
2026-07-21 14:49:00,4056.11,4057.72,4056.11,4057.72,57
2026-07-21 14:50:00,4057.51,4058.31,4057.49,4058.19,72
2026-07-21 14:51:00,4058.14,4058.19,4057.02,4057.07,56
2026-07-21 14:52:00,4056.95,4057.21,4055.56,4055.69,71
2026-07-21 14:53:00,4055.68,4056.31,4055.68,4056.24,53
2026-07-21 14:54:00,4056.25,4056.61,4055.86,4056.32,60
2026-07-21 14:55:00,4056.33,4056.49,4055.9,4056.47,60
2026-07-21 14:56:00,4056.44,4056.86,4056.12,4056.36,62
2026-07-21 14:57:00,4056.4,4056.4,4054.81,4055.0,71
2026-07-21 14:58:00,4055.02,4055.92,4054.87,4055.75,65
2026-07-21 14:59:00,4055.76,4056.12,4055.46,4055.77,68
2026-07-21 15:00:00,4055.85,4058.54,4055.72,4057.59,101
2026-07-21 15:01:00,4057.57,4057.68,4056.07,4056.22,80
2026-07-21 15:02:00,4056.23,4057.55,4055.76,4057.39,68
2026-07-21 15:03:00,4057.51,4058.44,4057.42,4058.2,72
2026-07-21 15:04:00,4058.21,4058.4,4057.71,4058.09,78
2026-07-21 15:05:00,4058.18,4058.74,4057.97,4058.74,84
2026-07-21 15:06:00,4058.75,4060.0,4058.01,4060.0,78
2026-07-21 15:07:00,4060.08,4060.62,4059.8,4059.8,89
2026-07-21 15:08:00,4059.84,4060.19,4059.1,4059.1,71
2026-07-21 15:09:00,4059.08,4059.16,4058.1,4058.47,75
2026-07-21 15:10:00,4058.4,4058.4,4056.32,4056.85,93
2026-07-21 15:11:00,4056.8,4057.59,4056.79,4057.19,54
2026-07-21 15:12:00,4057.2,4058.72,4057.2,4058.68,60
2026-07-21 15:13:00,4058.72,4059.33,4058.36,4058.77,56
2026-07-21 15:14:00,4058.76,4059.27,4058.4,4059.25,62
2026-07-21 15:15:00,4059.27,4059.59,4056.48,4056.63,85
2026-07-21 15:16:00,4056.64,4057.46,4055.68,4057.33,92
2026-07-21 15:17:00,4057.24,4059.99,4057.1,4059.5,87
2026-07-21 15:18:00,4059.52,4059.97,4058.65,4058.74,81
2026-07-21 15:19:00,4058.71,4059.29,4058.28,4058.78,81
2026-07-21 15:20:00,4058.89,4060.88,4058.08,4058.2,93
2026-07-21 15:21:00,4058.19,4060.38,4057.66,4060.37,85
2026-07-21 15:22:00,4060.36,4060.53,4059.0,4059.04,83
2026-07-21 15:23:00,4058.97,4062.14,4058.54,4062.14,90
2026-07-21 15:24:00,4061.86,4065.49,4061.41,4064.93,97
2026-07-21 15:25:00,4064.88,4064.95,4060.98,4061.02,99
2026-07-21 15:26:00,4061.17,4063.09,4061.11,4063.01,81
2026-07-21 15:27:00,4063.02,4063.02,4061.4,4061.56,82
2026-07-21 15:28:00,4061.49,4061.95,4060.56,4061.0,86
2026-07-21 15:29:00,4060.99,4062.14,4060.91,4061.37,82
2026-07-21 15:30:00,4061.61,4063.33,4060.82,4061.99,97
2026-07-21 15:31:00,4061.97,4062.28,4060.66,4061.98,84
2026-07-21 15:32:00,4061.99,4062.03,4061.13,4061.89,90
2026-07-21 15:33:00,4061.91,4063.52,4061.91,4062.63,64
